seed,model,variant,accuracy,balanced_accuracy,precision,recall,f1,roc_auc,DI,DPD,EOD
42,LogisticRegression,in_process,0.8086330935251799,0.7468592520081963,0.6119860017497812,0.6242748772869254,0.618069361608129,0.8532593068115197,0.26427393870015964,0.24463886740712842,0.2902951307662599
43,LogisticRegression,in_process,0.810846707249585,0.7411541629836653,0.6225806451612903,0.6028558679161089,0.6125595103151212,0.8470994500357757,0.25108055880829594,0.23772881425596643,0.25808791436529144
44,LogisticRegression,in_process,0.7980077476480354,0.73321529995296,0.590671316477768,0.6046407853636769,0.597574421168688,0.8447371732703226,0.2666893732970027,0.24443687556766575,0.2848142205363787
45,LogisticRegression,in_process,0.8102933038184836,0.7478136468945156,0.616130453944469,0.6238286479250335,0.6199556541019956,0.8497534769963313,0.23545633642000893,0.25547466574455185,0.3073627260424091
46,LogisticRegression,in_process,0.8063087991145546,0.7409776810443948,0.609159626500667,0.6113342257920571,0.6102449888641426,0.8448487306107956,0.26448034254573766,0.24059054215793627,0.2856431866209898
42,LogisticRegression,post,0.7963475373547316,0.6619863485604341,0.6462436177972283,0.39535921463632306,0.49058693244739754,0.8532593068115197,0.8893509451634877,0.017416476904910938,0.0842656585099335
43,LogisticRegression,post,0.7497509684560044,0.7382092068269808,0.49690018598884067,0.715305667112896,0.586427656850192,0.8470994500357757,0.7877637279491341,0.0813937760824685,0.021419667220357375
44,LogisticRegression,post,0.7970116214720532,0.6748381022864887,0.6329196603527106,0.4323962516733601,0.5137857900318133,0.8447371732703226,0.8086829371417834,0.03456819204291764,0.06185217399495713
45,LogisticRegression,post,0.7615938018815717,0.7454857207260994,0.5139826422372228,0.713520749665328,0.5975336322869955,0.8497534769963313,0.774639048750514,0.08372977791954994,0.019263294236377182
46,LogisticRegression,post,0.7899280575539568,0.714087041917055,0.5785616124599176,0.5635876840696118,0.5709764918625678,0.8448487306107956,0.7909830979944057,0.05418195147906946,0.034345572096499244
42,LogisticRegression,pre,0.8049806308799115,0.7424868741968167,0.6044483209768862,0.6184738955823293,0.6113806793118659,0.8502205597321416,0.4323181507567122,0.17666177239937045,0.19199984927889374
43,LogisticRegression,pre,0.8084117321527393,0.7359465993368692,0.6189365671641791,0.5921463632307006,0.6052451539338655,0.8431120222229316,0.3928811880290342,0.17947781898403858,0.14346922306409726
44,LogisticRegression,pre,0.7949086884338683,0.7289118532153669,0.5846422338568935,0.5979473449352968,0.5912199426428414,0.8406608805286234,0.42331861218601885,0.18002973641544845,0.1643597964009056
45,LogisticRegression,pre,0.805201992252352,0.7438302255566602,0.6042479410489814,0.6220437304774654,0.6130167106420404,0.8464842590852075,0.3904327331861027,0.19409405347640407,0.21730529502086549
46,LogisticRegression,pre,0.8022136137244051,0.7364604461741908,0.6003536693191865,0.605979473449353,0.6031534532533867,0.8413998781243444,0.42608774074229994,0.1766245795420074,0.17379870568249967
42,NeuralNet,in_process,0.8047592695074709,0.7613287677908835,0.5935661043546488,0.6751450245426149,0.631732776617954,0.8629290327174002,0.3383220069512123,0.23780917539972826,0.24100461897390324
43,NeuralNet,in_process,0.8147205312672938,0.7429823634970982,0.6334117647058823,0.6006247211066488,0.6165826843792945,0.8567209012020345,0.3467897238843825,0.19503130231292662,0.17454289114482097
44,NeuralNet,in_process,0.801770890979524,0.7535104274094382,0.5900720576461169,0.6577420794288265,0.6220721671238658,0.857440851621578,0.35433132697803055,0.22591522351678683,0.2099984613887066
45,NeuralNet,in_process,0.8044272274488102,0.7599118220830858,0.5934542586750788,0.6715751896474788,0.6301025748377643,0.8614161943295374,0.30858680843501957,0.2503099404780254,0.2931038813824894
46,NeuralNet,in_process,0.8181516325401218,0.7413762596258846,0.6464250734573947,0.5890227576974565,0.6163903805743638,0.8586395429623508,0.27405832935589697,0.21472352415838036,0.24183201504699037
42,NeuralNet,post,0.720863309352518,0.7468118639474655,0.46359160404249805,0.7983043284248104,0.5865573770491803,0.8629290327174002,0.9753734661351274,0.010603259211207638,0.09605958569743767
43,NeuralNet,post,0.7732152739346984,0.7372144516311411,0.5343839541547278,0.6657742079428827,0.5928869461553745,0.8567209012020345,0.8593251819404685,0.0455538228672856,0.07258948280680377
44,NeuralNet,post,0.8046485888212507,0.6693001686528931,0.6803030303030303,0.4007139669790272,0.5043527099129458,0.857440851621578,0.8967156164480723,0.015613740225426692,0.14130417717266047
45,NeuralNet,post,0.7905921416712783,0.7415917882763186,0.5687278456085073,0.644355198572066,0.6041841004184101,0.8614161943295374,0.7736598792252743,0.06865538997101858,0.04146557435731579
46,NeuralNet,post,0.7810736026563365,0.7439348536657999,0.5479751915359358,0.6702365015618028,0.6029706945002007,0.8586395429623508,0.7984027949797705,0.06544719887523437,0.07086404014205461
42,NeuralNet,pre,0.8141671278361926,0.7541274573977065,0.623029772329247,0.6349843819723338,0.628950276243094,0.8648054422905371,0.40157102833274966,0.18780013965750403,0.1762180934408059
43,NeuralNet,pre,0.8077476480354178,0.7485133022194427,0.608433734939759,0.6309683177153057,0.6194961664841183,0.8560995691791469,0.4489437674042579,0.17266247917535057,0.12927788889970449
44,NeuralNet,pre,0.8100719424460432,0.7398914008830271,0.6211352099676973,0.6006247211066488,0.6107078039927405,0.8543300536723152,0.4083514760688917,0.1756805175994814,0.14991412036964352
45,NeuralNet,pre,0.8022136137244051,0.7554495284641658,0.5902225755166932,0.6626506024096386,0.6243430733655665,0.8594084249206948,0.3868646158115228,0.21322514344380392,0.2016931004273571
46,NeuralNet,pre,0.8054233536247924,0.7523505529001164,0.5999172527927182,0.6470325747434181,0.6225848003434951,0.8558100521012516,0.41443228916640185,0.19346104891452703,0.14111891581284197
42,RandomForest,in_process,0.8096292197011622,0.7491663248026943,0.6133101348412353,0.6291834002677377,0.6211453744493393,0.8448523758462364,0.25004730547986675,0.25232053273574573,0.3066185405800878
43,RandomForest,in_process,0.8156059767570559,0.7459634436086018,0.6337831549557934,0.607764390896921,0.620501138952164,0.848134204301588,0.29093445312556465,0.2191488040430088,0.2145985951536884
44,RandomForest,in_process,0.8063087991145546,0.7372396727195965,0.6116416552978626,0.6001784917447568,0.6058558558558559,0.8419614085820271,0.2883069437839806,0.22532862625891675,0.25142321544640134
45,RandomForest,in_process,0.8120641947980077,0.7488416361287888,0.6206130608618392,0.6233824185631415,0.6219946571682992,0.8435651479761981,0.23069897194778505,0.2555507268132132,0.32794871714358387
46,RandomForest,in_process,0.8095185390149419,0.7440090391330145,0.6164874551971327,0.6140116019634092,0.6152470377822491,0.8407596302851152,0.27627249339548265,0.23376671388930959,0.23953194816449946
42,RandomForest,post,0.8061981184283342,0.6846844414914753,0.6635514018691588,0.4435519857206604,0.5316929660336989,0.8448523758462364,0.7697282807860774,0.04126692721771069,0.05226097359554621
43,RandomForest,post,0.8011068068622026,0.6989425007786354,0.6247191011235955,0.4962070504239179,0.553096244715245,0.848134204301588,0.8689967649836621,0.02695672404418825,0.10649074164204364
44,RandomForest,post,0.7990038738240177,0.688872028853976,0.6262626262626263,0.47032574743418115,0.5372069317023446,0.8419614085820271,0.7883584781346317,0.04233524457710269,0.05246350508212727
45,RandomForest,post,0.8064194798007748,0.6775051338707789,0.6759656652360515,0.42168674698795183,0.5193734542456719,0.8435651479761981,0.8008681404147414,0.03294376886727757,0.04629021977021314
46,RandomForest,post,0.8058660763696734,0.6563538358451304,0.7164444444444444,0.3596608656849621,0.47890671420083186,0.8407596302851152,0.7901447652162285,0.028042632619900615,0.09806919982792672
42,RandomForest,pre,0.8039845047039291,0.7400302810693269,0.6031606672519754,0.6131191432396251,0.6080991369772073,0.8357988260896922,0.29586648228062934,0.23020859720157816,0.2736671387167982
43,RandomForest,pre,0.8043165467625899,0.7441385927709793,0.6016330038676407,0.6247211066488175,0.6129597197898424,0.8416724497834336,0.3420605551055142,0.21553746694526688,0.21341480646467942
44,RandomForest,pre,0.8043165467625899,0.7351673727914635,0.6071590394200271,0.5979473449352968,0.6025179856115108,0.832102327472977,0.316750023121634,0.21453085845582406,0.23824610872643803
45,RandomForest,pre,0.7973436635307138,0.7395021488498724,0.5857740585774058,0.6247211066488175,0.6046210321744764,0.8343517004596412,0.31650524595419083,0.2324263190508294,0.2661907438400598
46,RandomForest,pre,0.8003320420586607,0.740442553913689,0.5930183056619838,0.6215975011155734,0.6069716775599129,0.8295754239934257,0.3323705722070845,0.2216674194590349,0.20270732787178658
