model,toolkit,accuracy,DI,DPD,EOD
LogisticRegression,AIF360 (Reweighing),0.7970116214720532,0.7308386911232104,0.07400943023223089,0.02106791018065962
LogisticRegression,FairLearn (ThresholdOptimizer),0.7940232429441062,0.9616427449835786,0.005526266645758254,0.15196141539678898
LogisticRegression,Ours (Post-process),0.7789263973436635,0.810283951399865,0.0542580348857832,0.0442292732116248
NeuralNet,AIF360 (Reweighing),0.8054233536247924,0.65122210328273,0.10087624361522615,0.005829452788183476
NeuralNet,FairLearn (ThresholdOptimizer),0.8,0.9463147139930912,0.009087734041360235,0.18934338978048093
NeuralNet,Ours (Post-process),0.7740785832872163,0.8606953877457426,0.0411746822300345,0.0844565720352544
RandomForest,AIF360 (Reweighing),0.8064194798007748,0.44489657655784803,0.16701340908613688,0.17836586920547998
RandomForest,FairLearn (ThresholdOptimizer),0.7980077476480354,0.9838702675692347,0.002884233489833715,0.08414633763411822
RandomForest,Ours (Post-process),0.8037188710570005,0.8036192859070681,0.0343090594652359,0.0711149279835714
